<?xml version="1.0" encoding="UTF-8"?>
<!DOCTYPE mapper PUBLIC "-//mybatis.org//DTD Mapper 3.0//EN" "http://mybatis.org/dtd/mybatis-3-mapper.dtd">
<mapper namespace="com.macro.mall.tiny.mbg.mapper.UmsPermissionMapper">
  <resultMap id="BaseResultMap" type="com.macro.mall.tiny.mbg.model.UmsPermission">
    <id column="id" jdbcType="BIGINT" property="id" />
    <result column="pid" jdbcType="BIGINT" property="pid" />
    <result column="name" jdbcType="VARCHAR" property="name" />
    <result column="value" jdbcType="VARCHAR" property="value" />
    <result column="icon" jdbcType="VARCHAR" property="icon" />
    <result column="type" jdbcType="INTEGER" property="type" />
    <result column="uri" jdbcType="VARCHAR" property="uri" />
    <result column="status" jdbcType="INTEGER" property="status" />
    <result column="create_time" jdbcType="TIMESTAMP" property="createTime" />
    <result column="sort" jdbcType="INTEGER" property="sort" />
  </resultMap>
  <sql id="Example_Where_Clause">
    <where>
      <foreach collection="oredCriteria" item="criteria" separator="or">
        <if test="criteria.valid">
          <trim prefix="(" prefixOverrides="and" suffix=")">
            <foreach collection="criteria.criteria" item="criterion">
              <choose>
                <when test="criterion.noValue">
                  and ${criterion.condition}
                </when>
                <when test="criterion.singleValue">
                  and ${criterion.condition} #{criterion.value}
                </when>
                <when test="criterion.betweenValue">
                  and ${criterion.condition} #{criterion.value} and #{criterion.secondValue}
                </when>
                <when test="criterion.listValue">
                  and ${criterion.condition}
                  <foreach close=")" collection="criterion.value" item="listItem" open="(" separator=",">
                    #{listItem}
                  </foreach>
                </when>
              </choose>
            </foreach>
          </trim>
        </if>
      </foreach>
    </where>
  </sql>
  <sql id="Update_By_Example_Where_Clause">
    <where>
      <foreach collection="example.oredCriteria" item="criteria" separator="or">
        <if test="criteria.valid">
          <trim prefix="(" prefixOverrides="and" suffix=")">
            <foreach collection="criteria.criteria" item="criterion">
              <choose>
                <when test="criterion.noValue">
                  and ${criterion.condition}
                </when>
                <when test="criterion.singleValue">
                  and ${criterion.condition} #{criterion.value}
                </when>
                <when test="criterion.betweenValue">
                  and ${criterion.condition} #{criterion.value} and #{criterion.secondValue}
                </when>
                <when test="criterion.listValue">
                  and ${criterion.condition}
                  <foreach close=")" collection="criterion.value" item="listItem" open="(" separator=",">
                    #{listItem}
                  </foreach>
                </when>
              </choose>
            </foreach>
          </trim>
        </if>
      </foreach>
    </where>
  </sql>
  <sql id="Base_Column_List">
    id, pid, name, value, icon, type, uri, status, create_time, sort
  </sql>
  <select id="selectByExample" parameterType="com.macro.mall.tiny.mbg.model.UmsPermissionExample" resultMap="BaseResultMap">
    select
    <if test="distinct">
      distinct
    </if>
    <include refid="Base_Column_List" />
    from ums_permission
    <if test="_parameter != null">
      <include refid="Example_Where_Clause" />
    </if>
    <if test="orderByClause != null">
      order by ${orderByClause}
    </if>
  </select>
  <select id="selectByPrimaryKey" parameterType="java.lang.Long" resultMap="BaseResultMap">
    select 
    <include refid="Base_Column_List" />
    from ums_permission
    where id = #{id,jdbcType=BIGINT}
  </select>
  <delete id="deleteByPrimaryKey" parameterType="java.lang.Long">
    delete from ums_permission
    where id = #{id,jdbcType=BIGINT}
  </delete>
  <delete id="deleteByExample" parameterType="com.macro.mall.tiny.mbg.model.UmsPermissionExample">
    delete from ums_permission
    <if test="_parameter != null">
      <include refid="Example_Where_Clause" />
    </if>
  </delete>
  <insert id="insert" parameterType="com.macro.mall.tiny.mbg.model.UmsPermission">
    <selectKey keyProperty="id" order="AFTER" resultType="java.lang.Long">
      SELECT LAST_INSERT_ID()
    </selectKey>
    insert into ums_permission (pid, name, value, 
      icon, type, uri, status, 
      create_time, sort)
    values (#{pid,jdbcType=BIGINT}, #{name,jdbcType=VARCHAR}, #{value,jdbcType=VARCHAR}, 
      #{icon,jdbcType=VARCHAR}, #{type,jdbcType=INTEGER}, #{uri,jdbcType=VARCHAR}, #{status,jdbcType=INTEGER}, 
      #{createTime,jdbcType=TIMESTAMP}, #{sort,jdbcType=INTEGER})
  </insert>
  <insert id="insertSelective" parameterType="com.macro.mall.tiny.mbg.model.UmsPermission">
    <selectKey keyProperty="id" order="AFTER" resultType="java.lang.Long">
      SELECT LAST_INSERT_ID()
    </selectKey>
    insert into ums_permission
    <trim prefix="(" suffix=")" suffixOverrides=",">
      <if test="pid != null">
        pid,
      </if>
      <if test="name != null">
        name,
      </if>
      <if test="value != null">
        value,
      </if>
      <if test="icon != null">
        icon,
      </if>
      <if test="type != null">
        type,
      </if>
      <if test="uri != null">
        uri,
      </if>
      <if test="status != null">
        status,
      </if>
      <if test="createTime != null">
        create_time,
      </if>
      <if test="sort != null">
        sort,
      </if>
    </trim>
    <trim prefix="values (" suffix=")" suffixOverrides=",">
      <if test="pid != null">
        #{pid,jdbcType=BIGINT},
      </if>
      <if test="name != null">
        #{name,jdbcType=VARCHAR},
      </if>
      <if test="value != null">
        #{value,jdbcType=VARCHAR},
      </if>
      <if test="icon != null">
        #{icon,jdbcType=VARCHAR},
      </if>
      <if test="type != null">
        #{type,jdbcType=INTEGER},
      </if>
      <if test="uri != null">
        #{uri,jdbcType=VARCHAR},
      </if>
      <if test="status != null">
        #{status,jdbcType=INTEGER},
      </if>
      <if test="createTime != null">
        #{createTime,jdbcType=TIMESTAMP},
      </if>
      <if test="sort != null">
        #{sort,jdbcType=INTEGER},
      </if>
    </trim>
  </insert>
  <select id="countByExample" parameterType="com.macro.mall.tiny.mbg.model.UmsPermissionExample" resultType="java.lang.Integer">
    select count(*) from ums_permission
    <if test="_parameter != null">
      <include refid="Example_Where_Clause" />
    </if>
  </select>
  <update id="updateByExampleSelective" parameterType="map">
    update ums_permission
    <set>
      <if test="record.id != null">
        id = #{record.id,jdbcType=BIGINT},
      </if>
      <if test="record.pid != null">
        pid = #{record.pid,jdbcType=BIGINT},
      </if>
      <if test="record.name != null">
        name = #{record.name,jdbcType=VARCHAR},
      </if>
      <if test="record.value != null">
        value = #{record.value,jdbcType=VARCHAR},
      </if>
      <if test="record.icon != null">
        icon = #{record.icon,jdbcType=VARCHAR},
      </if>
      <if test="record.type != null">
        type = #{record.type,jdbcType=INTEGER},
      </if>
      <if test="record.uri != null">
        uri = #{record.uri,jdbcType=VARCHAR},
      </if>
      <if test="record.status != null">
        status = #{record.status,jdbcType=INTEGER},
      </if>
      <if test="record.createTime != null">
        create_time = #{record.createTime,jdbcType=TIMESTAMP},
      </if>
      <if test="record.sort != null">
        sort = #{record.sort,jdbcType=INTEGER},
      </if>
    </set>
    <if test="_parameter != null">
      <include refid="Update_By_Example_Where_Clause" />
    </if>
  </update>
  <update id="updateByExample" parameterType="map">
    update ums_permission
    set id = #{record.id,jdbcType=BIGINT},
      pid = #{record.pid,jdbcType=BIGINT},
      name = #{record.name,jdbcType=VARCHAR},
      value = #{record.value,jdbcType=VARCHAR},
      icon = #{record.icon,jdbcType=VARCHAR},
      type = #{record.type,jdbcType=INTEGER},
      uri = #{record.uri,jdbcType=VARCHAR},
      status = #{record.status,jdbcType=INTEGER},
      create_time = #{record.createTime,jdbcType=TIMESTAMP},
      sort = #{record.sort,jdbcType=INTEGER}
    <if test="_parameter != null">
      <include refid="Update_By_Example_Where_Clause" />
    </if>
  </update>
  <update id="updateByPrimaryKeySelective" parameterType="com.macro.mall.tiny.mbg.model.UmsPermission">
    update ums_permission
    <set>
      <if test="pid != null">
        pid = #{pid,jdbcType=BIGINT},
      </if>
      <if test="name != null">
        name = #{name,jdbcType=VARCHAR},
      </if>
      <if test="value != null">
        value = #{value,jdbcType=VARCHAR},
      </if>
      <if test="icon != null">
        icon = #{icon,jdbcType=VARCHAR},
      </if>
      <if test="type != null">
        type = #{type,jdbcType=INTEGER},
      </if>
      <if test="uri != null">
        uri = #{uri,jdbcType=VARCHAR},
      </if>
      <if test="status != null">
        status = #{status,jdbcType=INTEGER},
      </if>
      <if test="createTime != null">
        create_time = #{createTime,jdbcType=TIMESTAMP},
      </if>
      <if test="sort != null">
        sort = #{sort,jdbcType=INTEGER},
      </if>
    </set>
    where id = #{id,jdbcType=BIGINT}
  </update>
  <update id="updateByPrimaryKey" parameterType="com.macro.mall.tiny.mbg.model.UmsPermission">
    update ums_permission
    set pid = #{pid,jdbcType=BIGINT},
      name = #{name,jdbcType=VARCHAR},
      value = #{value,jdbcType=VARCHAR},
      icon = #{icon,jdbcType=VARCHAR},
      type = #{type,jdbcType=INTEGER},
      uri = #{uri,jdbcType=VARCHAR},
      status = #{status,jdbcType=INTEGER},
      create_time = #{createTime,jdbcType=TIMESTAMP},
      sort = #{sort,jdbcType=INTEGER}
    where id = #{id,jdbcType=BIGINT}
  </update>
</mapper>